Parameter,Value
Machine,
Configuration,BSARB
MachineInnerRadius_mm,20.415895953754585
MachineOuterRadius_mm,46.5
MachineThickness_mm,26.938
FullMachineOuterRadius_mm,46.5
FullMachineInnerRadius_mm,20.416
AirGapThickness_mm,0.5
Stator,
BackIronStatorThickness_mm,2.821268220015131
BackIronStatorInnerRadius_mm,22.058999999999997
BackIronStatorOuterRadius_mm,44.857
TeethNumber,24
TeethThickness_mm,13.812957509097716
TeethInnerRadius_mm,22.058999999999997
TeethOuterRadius_mm,44.857
PoleShoeThickness_mm,3.0
CoilGapDistance_mm,0.1
CoilAdjacentDistance_mm,0.2
CoilWidth_mm,1.6428572244457733
StatorMaxThickness_mm,16.884
StatorMinThickness_mm,16.884
TeethMaterial,NO30-Cogent
BackIronMaterial,NO30-Cogent
CoilMaterial,Copper
AirRingMaterial,Air
Rotor,
BackIronRotorThickness_mm,7.0
MagnetsNumber,20
MagnetsThickness_mm,2.8035695768300375
MagnetsInnerRadius_mm,21.558999999999997
MagnetsOuterRadius_mm,45.357
StructureStepWidthRatio_mm,1000.0
XThickness_mm,1.0
XToMagnetRatio_mm,2500.0
RotorMaxThickness_mm,10.054
RotorMinThickness_mm,10.054
StructureMaterial,Air
MagnetsMaterial,BMN-52SH (GBD)
XMaterial,NO30-Cogent
BackIronMaterial,11SMn30
AirRingMaterial,Air
Simulation,
NumberOfPhases,3
CurrentDensityRMS,15000000.0
DCSupplyVoltage,48.0
FillFactor,0.6
RPM,3000.0
MagnetTemperature_C,20.0
DynamicSourceMagnetization,False
Slots,24
Poles,20
ElectricalFrequency_Hz,500.0
CurrentDensityPeak,21213203.43559643
Output,
SlotFillFactor,
RmsSupplyCurrent_A,189.02564855086152
PeakSupplyCurrent_A,267.32263581699857
PeakCurrentDensity_Aperm2,12727922.061357858
AverageDAxisPhase_A,-0.0
AverageQAxisPhase_A,267.32263581700016
AverageDAxisPhase_V,-2.0518153044094083
AverageQAxisPhase_V,4.507145347877283
PeakPhaseBackEmf_V,4.539904584712126
RmsPhaseBackEmf_V,3.2101973177898406
PeakPhaseTerminalVoltage_V,4.952202058710903
PeakLineToLineTerminalVoltage_SVM_V,8.577465575034475
PeakLineToLineBackEmf_V,7.863345402236286
RmsLineToLineBackEmf_V,5.5602248567333366
PeakPhaseInducedVoltage_V,4.792606672298837
RmsPhaseInducedVoltage_V,3.3888846775424013
PeakLineToLineInducedVoltage_V,8.30103825711519
RmsLineToLineInducedVoltage_V,5.86972044249511
TotalTorque_Nm,5.61346920944747
ReluctanceTorque_Nm,0.0
MagnetTorque_Nm,5.594798453775308
CoggingTorque_Nm,-0.17331778277220872
TorqueRipple_Percent,3.842632651965077
TorqueRippleAbsolute_Nm,0.21570500075023435
TorquePerAxialHeight_NmPerm,208.38478021558655
TorquePerMachineCost_NmPerDollar,
TorqueDensity_NmPerKg,5.896899356098727
TorqueDensityCopperMass_NmPerKg,33.860969640387225
TorqueDensityMagnetMass_NmPerKg,59.010070211271305
ApperentElectricalPower_W,1985.7535611494595
ActiveElectricalPower_W,1807.292961607328
OutputMechanicalPower_KW,1.7633934689363782
Efficiency_Percent,8.706100673337219e-64
PowerFactor,0.9101295331738802
StatorWindingResistanceLoss_W,70.55870322725812
StatorWindingSimulationLoss_W,70.5593304850822
TotalIronCoreLoss_W,2.0254687317559295e+68
EddyCurrentIronCoreLoss_W,0.0
SteinmetzHysteresisLossTeeth_W,1.28403009397655
SteinmetzHysteresisLossBackirons_W,0.4387705590461858
SteinmetzHysteresisLossPoleshoes_W,0.0
SteinmetzLossTotal_W,1.7228006530227358
SteinmetzEddyHysteresisLossTeeth_W,1.4825475710149452
SteinmetzEddyLossTeeth_W,8.05155919196328e-12
SteinmetzEddyHysteresisLossBackirons_W,0.5066066845169649
SteinmetzEddyLossBackirons_W,2.7601492071778994e-12
SteinmetzEddyHysteresisLossPoleshoes_W,0.0
SteinmetzEddyLossPoleshoes_W,0.0
SteinmetzEddyLossTotal_W,1.989154255542722
BertottiHysteresisLossTeeth_W,0.023756167823742565
BertottiEddyLossTeeth_W,51.096563601242465
BertottiExcessLossTeeth_W,4.313664577670287
BertottiHysteresisLossBackirons_W,0.008064308323553673
BertottiEddyLossBackirons_W,17.516376164042637
BertottiExcessLossBackirons_W,1.4631362441542926
BertottiHysteresisLossPoleshoes_W,0.0
BertottiEddyLossPoleshoes_W,0.0
BertottiExcessLossPoleshoes_W,0.0
BertottiLossTotal_W,74.42156106325699
MaxwellHysteresisLossTeeth_W,0.0972195719493235
MaxwellEddyLossTeeth_W,48.609785974175296
MaxwellExcessLossTeeth_W,4.870018611302729
MaxwellHysteresisLossBackirons_W,0.03332777143412731
MaxwellEddyLossBackirons_W,16.663885716896882
MaxwellExcessLossBackirons_W,1.6518439511472969
MaxwellHysteresisLossPoleshoes_W,0.0
MaxwellEddyLossPoleshoes_W,0.0
MaxwellExcessLossPoleshoes_W,0.0
MaxwellLossTotal_W,71.92608159690566
MagnetEddyCurrentLoss_W,9.586142857142859
OtherEddyCurrentLoss_W,37.91357142857142
WindingEddyCurrentLoss_W,0
RotorStructureEddyCurrentLoss_W,0.0
TotalLoss_W,2.0254687317559295e+68
BRemanent_T,1.4486227210761375
HcJ_kAPerM,1594.7740720039003
Hd5_kAPerM,1552.9736594088474
Hd10_kAPerM,1567.1478588375633
MaxDemagField_kAPerM,-1063.507097217536
MinDemagField_kAPerM,-1227.7833502004426
MaxDemagFactor,0.7079786299642925
MinDemagFactor,0.7079786299642925
DemagFactorPercentile99_9,0.7079786299642925
DemagFactorPercentile99,0.7079786299642925
DemagFactorPercentile95,0.7079786299642925
DemagFactorPercentile90,0.7079786299642925
DemagFactorPercentile85,0.7079786299642925
DemagFactorPercentile80,0.7079786299642925
PercentileOfDemagFactorAt0_9_Percent,100.0
PercentileOfDemagFieldAtHd5_Percent,100.0
PercentileOfDemagFieldAtHd10_Percent,100.0
DemagFactorMean,0.708
DemagFactorStandardDeviation,0.0
DemagFactorCorrelationCoefficientR2,-inf
DemagPerformanceDegrationOnTorque_Percent,0.65
DiscretizationError_Percent,
VelocityConstantPhasePeakKv_RpmPerV,684.4061911779623
VelocityConstantOptimalNoLoadPhasePeakKv_RpmPerV,660.8068394437919
BackEmfConstantPhasePeakKe_VPerRpm,0.001461120622358566
BackEmfConstantPhasePeakKeElec_VsPerRad,0.0013952674170112337
BackEmfConstantPhasePeakKeMech_VsPerRad,0.013952674170112336
BackEmfConstantLineToLineRmsKe_VPerRpm,0.0017894999887181403
BackEmfConstantLineToLineRmsKeElec_VsPerRad,0.0017088466132042979
BackEmfConstantLineToLineRmsKeMech_VsPerRad,0.017088466132042977
BackEmfConstantOptimalNoLoadPhasePeakKe_VPerRpm,0.0015133015282373752
BackEmfConstantOptimalNoLoadPhasePeakKeElec_VsPerRad,0.0014450965116449862
BackEmfConstantOptimalNoLoadPhasePeakKeMech_VsPerRad,0.014450965116449863
BackEmfConstantOptimalNoLoadLineToLineRmsKe_VPerRpm,0.001853408285577779
BackEmfConstantOptimalNoLoadLineToLineRmsKeElec_VsPerRad,0.0017698745413030725
BackEmfConstantOptimalNoLoadLineToLineRmsKeMech_VsPerRad,0.017698745413030723
TorqueConstantKtFromFluxLinkage_NmPerA,0.020929011255168502
TorqueConstantKtFromFluxLinkage_NmPerArms,0.02959809156411845
TorqueConstantOptimalNoLoadKt_NmPerA,0.021676447674674797
TorqueConstantOptimalNoLoadKt_NmPerArms,0.03065512628559584
TorqueConstantLoadedKt_NmPerA,0.02099885478194331
TorqueConstantLoadedKt_NmPerArms,0.029696865226927355
MotorConstantKm_NmPerSqrtW,3.944287590987021e-34
SpecificMotorConstant_NmPerSqrtWPerKg,4.143438947952996e-34
Saturation_Percent,3.125940665652223
AverageAirgapFluxDensity_T,0.0418414734289338
MaximumAirgapFluxDensity_T,8.677377184009254
PeakStatorToothAverageFluxDensity_T,
PeakStatorBackIronAverageFluxDensity_T,
PeakRotorBackIronAverageFluxDensity_T,
DAxisInductanceLd_uH,1.6669735130171388
QAxisInductanceLq_uH,1.7655970356524682
DQAxisInductanceAvgLdq_uH,0.003543250775487057
DQAxisInductanceLdqFromD_uH,0.07357098661343964
DQAxisInductanceLdqFromQ_uH,-0.06648448506246554
PermanentMagnetFluxLinkageLoad_mWb,1.3952674170112336
PermanentMagnetFluxLinkageLoadQ_mWb,0.1841072744048591
LoadedFluxLinkageD_mWb,1.3786578714191917
LoadedFluxLinkageQ_mWb,0.6531130960167185
PhaseSelfInductanceLself_uH,
PhaseMutualInductanceLmutual_uH,
VolumeMagnet_m3,6.299821817649275e-07
VolumeX_m3,0.0
VolumeRotorBackiron_m3,3.501874835438907e-05
VolumeTooth_m3,1.6595650037561029e-06
VolumeCopperInclFillFactor_m3,7.709260182600848e-07
VolumePoleShoe_m3,0.0
VolumeStatorBackiron_m3,1.3520608851627577e-05
MassMagnet_Kg,0.004756365472325147
MassX_Kg,0.0
MassRotorBackiron_Kg,0.2748971745819513
MassTooth_Kg,0.012944607029297617
MassCopperInclFillFactor_Kg,0.0069074971236107174
MassPoleShoe_Kg,0.0
MassStatorBackiron_Kg,0.10546074904269442
MassMagnetPerMachine_Kg,0.09512730944650294
MassXPerMachine_Kg,0.0
MassRotorBackironPerMachine_Kg,0.2748971745819513
MassToothPerMachine_Kg,0.3106705687031428
MassCopperInclFillFactorPerMachine_Kg,0.16577993096665722
MassPoleShoePerMachine_Kg,0.0
MassStatorBackironPerMachine_Kg,0.10546074904269442
MassMinRotorPerMachine_Kg,
MassMinStatorPerMachine_Kg,
MassMaxRotorPerMachine_Kg,
MassMaxStatorPerMachine_Kg,
MassMachine_Kg,0.9519357327409487
MomentOfInertiaRotor_KgM2,0.00046915313672056373
ResistanceCoil_Ohm,8.22806805506861e-05
ResistanceSinglePhase_Ohm,
ResistanceMachinePhase_Ohm,0.0006582454444054888
AirgapTangentialForceAverage_N,-164.41493368645442
AirgapAxialForceAverage_N,881.4354192164709
AirgapRadialForceAverage_N,-23.608048134091778
AirgapShearStress_Pa,34305.57216797675
MagnetAxialForcePositiveMaximum_N,21.721412134189976
MagnetAxialForcePositiveMinimum_N,0.03056314215520639
MagnetAxialForceNegativeMaximum_N,-16.32298682972516
MagnetAxialForceNegativeMinimum_N,-0.009987182615960988
MagnetRadialForcePositiveMaximum_N,47.338956623520865
MagnetRadialForceNegativeMaximum_N,-32.795813163148004
MagnetTangentialForceMaximum_N,40.435631057580835
MagnetForceElecFrequency_Hz,1000.0
MagnetForceMechFrequency_Hz,100.0
OutputMinCoreWidth_mm,2.286
DAxisAlignmentAngle_Deg,70.65542376744234
PermanentMagnetFluxLinkageNoLoadMin_mWb,1.4070647531472378
PermanentMagnetFluxLinkageNoLoadMax_mWb,1.483128270142735
PermanentMagnetFluxLinkageNoLoadAvg_mWb,1.4450965116449863
TotalMachineCost_USD,
RotationalFrequencyElec_Hz,500.0
RotationalFrequencyMech_Hz,50.0
ShortCircuitPeakTorque_Nm,17.06801563249979
ShortCircuitPeakId_A,1416.791590777494
ShortCircuitPeakIq_A,775.0953671867862
ShortCircuitAvgId_A,-824.6408782730701
ShortCircuitAvgIq_A,-98.11773276763819
ShortCircuitAvgIActive_A,830.4575073413827
ShortCircuitRmsIa_Arms,587.3739583946409
ShortCircuitRmsIb_Arms,586.6216005397362
ShortCircuitRmsIc_Arms,587.6703481823139
ShortCircuitDemagId_A,-1416.791590777494
ShortCircuitDemagIq_A,-166.18200500461236
ShortCircuitDemagIActive_A,1426.5044235771495
ShortCircuitDemagIActiveDensityRMS_A_per_m2,80043974.9079284
ShortCircuitDemagThetaE_deg,96.68991736534105
ASCAverageTorque_Nm,
ASCAverageLoadedFluxLinkageD_Wb,
ASCAverageLoadedFluxLinkageQ_Wb,
ASCTorqueReduction_Percent,
ASCLoadedFluxLinkageDReduction_Percent,
ASCLoadedFluxLinkageQReduction_Percent,
ASCAirgapAxialForceAverage_N,
ASCMagnetAxialForcePositiveMaximum_N,
ASCMagnetAxialForcePositiveMinimum_N,
ASCMagnetAxialForceNegativeMaximum_N,
ASCMagnetAxialForceNegativeMinimum_N,
ASCMagnetRadialForcePositiveMaximum_N,
ASCMagnetRadialForceNegativeMaximum_N,
ASCMagnetTangentialForceMaximum_N,
